{
  "evaluation_info": {
    "problem_type": "oscillator1",
    "jsonl_path": "/storage/home/westlakeLab/zhangjunlei/llm_sr_rl/LLM-SR/llmsr_grpo_outputs/oscillator1_qwen8b_v2_20250827_221113/sample.jsonl",
    "total_samples": 10,
    "valid_samples": 10,
    "data_dir": "/storage/home/westlakeLab/zhangjunlei/llm_sr_rl/LLM-SR/data/oscillator1",
    "timestamp": "2025-08-28T20:36:28.845197"
  },
  "best_test_id_sample": {
    "solution_length": 15337,
    "timestamp": 1756304171.7470338,
    "execution_success": true,
    "function_body": "    return (\n    params[0] * x \n    + params[1] * v \n    + params[2] * x**2 \n    + params[3] * v**2 \n    + params[4] * x * v \n    + params[5] * np.sin(params[6] * x) \n    + params[7] * np.cos(params[8] * x) \n    + params[9] * x**3\n    )\n\n",
    "params": [
      -0.2035071921059909,
      -0.007607902505428874,
      -0.01784586916665083,
      -0.17697381716968613,
      -0.5023702113912171,
      0.04938562663875662,
      0.1061133298555975,
      0.006247759713171234,
      0.9988997346908801,
      0.14931746952094058
    ],
    "mse": 7.113717942030347e-07,
    "reward": 0.5928596568914377,
    "error": null,
    "base_reward": 0.6264496568914377,
    "length_penalty": 0.13359000000000001,
    "parse_reward": 0.1,
    "len_tokens": 4453,
    "nmse": 0.0001630371491215945,
    "complexity": 47.42679765369889,
    "r_fit": null,
    "r_simp": null,
    "r_phys": null,
    "r_proc": null,
    "edit_mode": false,
    "ast_ok": true,
    "data_path": "./data/oscillator1/train.csv",
    "sample_index": 9,
    "test_id_mse": 7.115565284808178e-07,
    "test_id_nmse": 0.00016309134451009317,
    "test_ood_mse": 4.883176600149885e-05,
    "test_ood_nmse": 0.006426765474545968
  },
  "best_test_ood_sample": {
    "solution_length": 15337,
    "timestamp": 1756304171.7470338,
    "execution_success": true,
    "function_body": "    return (\n    params[0] * x \n    + params[1] * v \n    + params[2] * x**2 \n    + params[3] * v**2 \n    + params[4] * x * v \n    + params[5] * np.sin(params[6] * x) \n    + params[7] * np.cos(params[8] * x) \n    + params[9] * x**3\n    )\n\n",
    "params": [
      -0.2035071921059909,
      -0.007607902505428874,
      -0.01784586916665083,
      -0.17697381716968613,
      -0.5023702113912171,
      0.04938562663875662,
      0.1061133298555975,
      0.006247759713171234,
      0.9988997346908801,
      0.14931746952094058
    ],
    "mse": 7.113717942030347e-07,
    "reward": 0.5928596568914377,
    "error": null,
    "base_reward": 0.6264496568914377,
    "length_penalty": 0.13359000000000001,
    "parse_reward": 0.1,
    "len_tokens": 4453,
    "nmse": 0.0001630371491215945,
    "complexity": 47.42679765369889,
    "r_fit": null,
    "r_simp": null,
    "r_phys": null,
    "r_proc": null,
    "edit_mode": false,
    "ast_ok": true,
    "data_path": "./data/oscillator1/train.csv",
    "sample_index": 9,
    "test_id_mse": 7.115565284808178e-07,
    "test_id_nmse": 0.00016309134451009317,
    "test_ood_mse": 4.883176600149885e-05,
    "test_ood_nmse": 0.006426765474545968
  }
}